	../Pretrained_Embeddings/Manzini_softDebiased_noCDA.w2v	../Pretrained_Embeddings/CDAembeddings.w2v	../Pretrained_Embeddings/Manzini_softDebiased_CDA.w2v	../Pretrained_Embeddings/Bolukbasi_noCDA.w2v	../Pretrained_Embeddings/Bolukbasi_CDA.w2v	../Pretrained_Embeddings/embeddings.w2v	../Pretrained_Embeddings/Manzini_hardDebiased_noCDA.w2v
bolukbasi-conventional	0.4550017737686841	0.1916926138940473	0.16961710082597617	0.021070580632488654	0.018228489840197447	0.1705873278336314	0.10503473218647871
ethayarajh-conventional	0.45500177119606977	0.45953144522414746	0.16961710126956675	0.021070581060495166	0.018228490642533905	0.32008359215766335	0.10503473218647871
garg-cosine	0.04018350364961003	0.03136713871975465	0.027662861771978402	0.01626850601051285	0.014599628648722631	0.02750019887711667	0.014889928516138486
garg-euclidean	0.030913843419430067	0.19036889109776894	0.02319796742109529	0.016641485239331056	0.011436672154192386	0.15689625531953927	0.013797393474013044
caliskan	0.033366260049766124	0.022055350440298736	0.02730820213763015	0.008359741200123854	0.012776774770811732	0.021029383098016496	0.012358887740585512
manzini	0.3398226252417567	0.33960668602603883	0.3598389487794016	0.4215733987860067	0.35768489894869054	0.39968466736050895	0.4052885721088492
